UserID,ExpGroup,IsTest,GroupID,Role,SchoolSign,start_date
1,2,FALSE,SP (4.3),student,SP,1/23/2018
2,2,FALSE,SP (4.3),student,SP,1/23/2018
3,3,FALSE,SP (4.3),student,SP,1/23/2018
4,2,FALSE,SP (4.3),student,SP,1/23/2018
5,2,FALSE,SP (4.3),student,SP,1/23/2018
6,1,FALSE,SP (4.3),student,SP,1/23/2018
7,1,FALSE,SP (4.3),student,SP,1/23/2018
8,3,FALSE,SP (4.3),student,SP,1/23/2018
9,3,FALSE,SP (4.3),student,SP,1/23/2018
10,1,FALSE,SP (4.3),student,SP,1/23/2018
11,3,FALSE,SP (4.3),student,SP,1/23/2018
12,1,FALSE,SP (4.3),student,SP,1/23/2018
13,1,FALSE,SP (4.3),student,SP,1/23/2018
14,2,FALSE,SP (4.3),student,SP,1/23/2018
15,3,FALSE,SP (4.3),student,SP,1/23/2018
16,2,FALSE,SP (4.3),student,SP,1/23/2018
17,3,FALSE,SP (4.3),student,SP,1/23/2018
18,1,FALSE,SP (4.3),student,SP,1/23/2018
19,3,FALSE,SP (4.3),student,SP,1/23/2018
20,1,FALSE,SP (4.3),student,SP,1/23/2018
21,2,FALSE,SP (4.3),student,SP,1/23/2018
22,1,FALSE,SP (4.3),student,SP,1/23/2018
23,3,FALSE,SP (4.3),student,SP,1/23/2018
24,1,FALSE,SP (4.3),student,SP,1/23/2018
25,3,FALSE,SP (4.3),student,SP,1/23/2018
26,2,FALSE,SP (4.3),student,SP,1/23/2018
27,3,FALSE,SP (4.3),student,SP,1/23/2018
28,3,FALSE,SP (4.3),student,SP,1/23/2018
29,2,FALSE,SP (4.3),student,SP,1/23/2018
30,2,FALSE,SP (4.3),student,SP,1/23/2018
31,3,FALSE,SP (4.3),student,SP,1/23/2018
32,3,FALSE,SP (4.3),student,SP,1/23/2018
33,3,FALSE,SP (4.3),student,SP,1/23/2018
34,2,FALSE,SP (4.3),student,SP,1/23/2018
35,1,FALSE,SP (4.3),student,SP,1/23/2018
36,3,FALSE,SP (4.3),student,SP,1/23/2018
37,1,FALSE,SP (4.3),student,SP,1/23/2018
38,3,FALSE,SP (4.2),student,SP,1/23/2018
39,3,FALSE,SP (4.2),student,SP,1/23/2018
40,1,FALSE,SP (4.2),student,SP,1/23/2018
41,1,FALSE,SP (4.2),student,SP,1/23/2018
42,2,FALSE,SP (4.2),student,SP,1/23/2018
43,2,FALSE,SP (4.2),student,SP,1/23/2018
44,2,FALSE,SP (4.2),student,SP,1/23/2018
45,1,FALSE,SP (4.2),student,SP,1/23/2018
46,2,FALSE,SP (4.2),student,SP,1/23/2018
47,3,FALSE,SP (4.2),student,SP,1/23/2018
48,2,FALSE,SP (4.2),student,SP,1/23/2018
49,3,FALSE,SP (4.2),student,SP,1/23/2018
50,3,FALSE,SP (4.2),student,SP,1/23/2018
51,3,FALSE,SP (4.2),student,SP,1/23/2018
52,1,FALSE,SP (4.2),student,SP,1/23/2018
53,2,FALSE,SP (4.2),student,SP,1/23/2018
54,1,FALSE,SP (4.2),student,SP,1/23/2018
55,2,FALSE,SP (4.2),student,SP,1/23/2018
56,3,FALSE,SP (4.2),student,SP,1/23/2018
57,1,FALSE,SP (4.2),student,SP,1/23/2018
58,1,FALSE,SP (4.2),student,SP,1/23/2018
59,1,FALSE,SP (4.2),student,SP,1/23/2018
60,3,FALSE,SP (4.2),student,SP,1/23/2018
61,1,FALSE,SP (4.2),student,SP,1/23/2018
62,3,FALSE,SP (4.2),student,SP,1/23/2018
63,3,FALSE,SP (4.2),student,SP,1/23/2018
64,2,FALSE,SP (4.2),student,SP,1/23/2018
65,2,FALSE,SP (4.2),student,SP,1/23/2018
66,3,FALSE,SP (4.2),student,SP,1/23/2018
67,3,FALSE,SP (4.2),student,SP,1/23/2018
68,1,FALSE,SP (4.2),student,SP,1/23/2018
69,3,FALSE,SP (4.2),student,SP,1/23/2018
70,2,FALSE,SP (4.2),student,SP,1/23/2018
71,1,FALSE,SP (4.2),student,SP,1/23/2018
72,3,FALSE,SP (4.2),student,SP,1/23/2018
73,3,FALSE,SP (4.2),student,SP,1/23/2018
74,2,FALSE,SP (4.2),student,SP,1/23/2018
75,3,FALSE,SD (5.2),student,SD,3/7/2018
76,3,FALSE,SD (5.2),student,SD,3/7/2018
77,1,FALSE,SD (5.2),student,SD,3/7/2018
78,3,FALSE,SD (5.2),student,SD,3/7/2018
79,1,FALSE,SD (5.2),student,SD,3/7/2018
80,1,FALSE,SD (5.2),student,SD,3/7/2018
81,3,FALSE,SD (5.2),student,SD,3/7/2018
82,3,FALSE,SD (5.2),student,SD,3/7/2018
83,2,FALSE,SD (5.2),student,SD,3/7/2018
84,3,FALSE,SD (5.2),student,SD,3/7/2018
85,2,FALSE,SD (5.2),student,SD,3/7/2018
86,3,FALSE,SD (5.2),student,SD,3/7/2018
87,3,FALSE,SD (5.2),student,SD,3/7/2018
88,1,FALSE,SD (5.2),student,SD,3/7/2018
89,1,FALSE,SD (5.2),student,SD,3/7/2018
90,2,FALSE,SD (5.2),student,SD,3/7/2018
91,1,FALSE,SD (5.2),student,SD,3/7/2018
92,1,FALSE,SD (5.2),student,SD,3/7/2018
93,3,FALSE,SD (5.2),student,SD,3/7/2018
94,2,FALSE,SD (5.2),student,SD,3/7/2018
95,3,FALSE,SD (5.2),student,SD,3/7/2018
96,1,FALSE,SD (5.2),student,SD,3/7/2018
97,3,FALSE,SD (5.2),student,SD,3/7/2018
98,2,FALSE,SD (5.2),student,SD,3/7/2018
99,3,FALSE,SD (5.2),student,SD,3/7/2018
100,2,FALSE,SD (5.2),student,SD,3/7/2018
101,3,FALSE,SD (5.2),student,SD,3/7/2018
102,1,FALSE,SD (5.2),student,SD,3/7/2018
103,2,FALSE,SD (5.2),student,SD,3/7/2018
104,2,FALSE,SD (5.2),student,SD,3/7/2018
105,2,FALSE,SD (5.2),student,SD,3/7/2018
106,1,FALSE,SD (5.1),student,SD,3/7/2018
107,3,FALSE,SD (5.1),student,SD,3/7/2018
108,1,FALSE,SD (5.1),student,SD,3/7/2018
109,1,FALSE,SD (5.1),student,SD,3/7/2018
110,1,FALSE,SD (5.1),student,SD,3/7/2018
111,3,FALSE,SD (5.1),student,SD,3/7/2018
112,2,FALSE,SD (5.1),student,SD,3/7/2018
113,3,FALSE,SD (5.1),student,SD,3/7/2018
114,3,FALSE,SD (5.1),student,SD,3/7/2018
115,2,FALSE,SD (5.1),student,SD,3/7/2018
116,3,FALSE,SD (5.1),student,SD,3/7/2018
117,1,FALSE,SD (5.1),student,SD,3/7/2018
118,2,FALSE,SD (5.1),student,SD,3/7/2018
119,1,FALSE,SD (5.1),student,SD,3/7/2018
120,1,FALSE,SD (5.1),student,SD,3/7/2018
121,1,FALSE,SD (5.1),student,SD,3/7/2018
122,3,FALSE,SD (5.1),student,SD,3/7/2018
123,3,FALSE,SD (5.1),student,SD,3/7/2018
124,2,FALSE,SD (5.1),student,SD,3/7/2018
125,2,FALSE,SD (5.1),student,SD,3/7/2018
126,3,FALSE,SD (5.1),student,SD,3/7/2018
127,3,FALSE,SD (5.1),student,SD,3/7/2018
128,2,FALSE,SD (5.1),student,SD,3/7/2018
129,3,FALSE,SD (5.1),student,SD,3/7/2018
130,2,FALSE,SD (5.1),student,SD,3/7/2018
131,3,FALSE,SD (5.1),student,SD,3/7/2018
132,1,FALSE,SD (5.1),student,SD,3/7/2018
133,2,FALSE,SD (5.1),student,SD,3/7/2018
134,2,FALSE,SD (5.1),student,SD,3/7/2018
135,3,FALSE,SD (5.1),student,SD,3/7/2018
136,2,FALSE,RL (4.2),student,RL,2/15/2018
137,3,FALSE,RL (4.2),student,RL,2/15/2018
138,2,FALSE,RL (4.2),student,RL,2/15/2018
139,2,FALSE,RL (4.2),student,RL,2/15/2018
140,1,FALSE,RL (4.2),student,RL,2/15/2018
141,1,FALSE,RL (4.2),student,RL,2/15/2018
142,1,FALSE,RL (4.2),student,RL,2/15/2018
143,3,FALSE,RL (4.2),student,RL,2/15/2018
144,2,FALSE,RL (4.2),student,RL,2/15/2018
145,1,FALSE,RL (4.2),student,RL,2/15/2018
146,3,FALSE,RL (4.2),student,RL,2/15/2018
147,2,FALSE,RL (4.2),student,RL,2/15/2018
148,3,FALSE,RL (4.2),student,RL,2/15/2018
149,1,FALSE,RL (4.2),student,RL,2/15/2018
150,1,FALSE,RL (4.2),student,RL,2/15/2018
151,1,FALSE,RL (4.2),student,RL,2/15/2018
152,2,FALSE,RL (4.2),student,RL,2/15/2018
153,3,FALSE,RL (4.2),student,RL,2/15/2018
154,3,FALSE,RL (4.2),student,RL,2/15/2018
155,2,FALSE,RL (4.2),student,RL,2/15/2018
156,3,FALSE,RL (4.2),student,RL,2/15/2018
157,1,FALSE,RL (4.2),student,RL,2/15/2018
158,3,FALSE,RL (4.2),student,RL,2/15/2018
159,3,FALSE,RL (4.2),student,RL,2/15/2018
160,3,FALSE,RL (4.2),student,RL,2/15/2018
161,2,FALSE,RL (4.2),student,RL,2/15/2018
162,1,FALSE,RL (4.1),student,RL,2/11/2018
163,3,FALSE,RL (4.1),student,RL,2/11/2018
164,1,FALSE,RL (4.1),student,RL,2/11/2018
165,2,FALSE,RL (4.1),student,RL,2/11/2018
166,3,FALSE,RL (4.1),student,RL,2/11/2018
167,3,FALSE,RL (4.1),student,RL,2/11/2018
168,3,FALSE,RL (4.1),student,RL,2/11/2018
169,2,FALSE,RL (4.1),student,RL,2/11/2018
170,1,FALSE,RL (4.1),student,RL,2/11/2018
171,3,FALSE,RL (4.1),student,RL,2/11/2018
172,1,FALSE,RL (4.1),student,RL,2/11/2018
173,3,FALSE,RL (4.1),student,RL,2/11/2018
174,2,FALSE,RL (4.1),student,RL,2/11/2018
175,2,FALSE,RL (4.1),student,RL,2/11/2018
176,3,FALSE,RL (4.1),student,RL,2/11/2018
177,1,FALSE,RL (4.1),student,RL,2/11/2018
178,1,FALSE,RL (4.1),student,RL,2/11/2018
179,2,FALSE,RL (4.1),student,RL,2/11/2018
180,3,FALSE,RL (4.1),student,RL,2/11/2018
181,3,FALSE,RL (4.1),student,RL,2/11/2018
182,1,FALSE,RL (4.1),student,RL,2/11/2018
183,2,FALSE,RL (4.1),student,RL,2/11/2018
184,3,FALSE,RL (4.1),student,RL,2/11/2018
185,2,FALSE,RL (4.1),student,RL,2/11/2018
186,1,FALSE,RL (4.1),student,RL,2/11/2018
187,1,FALSE,NZ (4.2),student,NZ,1/24/2018
188,3,FALSE,NZ (4.2),student,NZ,1/24/2018
189,3,FALSE,NZ (4.2),student,NZ,1/24/2018
190,2,FALSE,NZ (4.2),student,NZ,1/24/2018
191,3,FALSE,NZ (4.2),student,NZ,1/24/2018
192,2,FALSE,NZ (4.2),student,NZ,1/24/2018
193,3,FALSE,NZ (4.2),student,NZ,1/24/2018
194,3,FALSE,NZ (4.2),student,NZ,1/24/2018
195,1,FALSE,NZ (4.2),student,NZ,1/24/2018
196,3,FALSE,NZ (4.2),student,NZ,1/24/2018
197,2,FALSE,NZ (4.2),student,NZ,1/24/2018
198,1,FALSE,NZ (4.2),student,NZ,1/24/2018
199,2,FALSE,NZ (4.2),student,NZ,1/24/2018
200,1,FALSE,NZ (4.2),student,NZ,1/24/2018
201,3,FALSE,NZ (4.2),student,NZ,1/24/2018
202,2,FALSE,NZ (4.2),student,NZ,1/24/2018
203,2,FALSE,NZ (4.2),student,NZ,1/24/2018
204,1,FALSE,NZ (4.2),student,NZ,1/24/2018
205,2,FALSE,NZ (4.2),student,NZ,1/24/2018
206,3,FALSE,NZ (4.2),student,NZ,1/24/2018
207,3,FALSE,NZ (4.2),student,NZ,1/24/2018
208,3,FALSE,NZ (4.2),student,NZ,1/24/2018
209,1,FALSE,NZ (4.2),student,NZ,1/24/2018
210,2,FALSE,NZ (4.2),student,NZ,1/24/2018
211,1,FALSE,NZ (4.2),student,NZ,1/24/2018
212,1,FALSE,NZ (4.2),student,NZ,1/24/2018
213,3,FALSE,NZ (4.2),student,NZ,1/24/2018
214,3,FALSE,NZ (4.2),student,NZ,1/24/2018
215,2,FALSE,NZ (4.1),student,NZ,1/24/2018
216,2,FALSE,NZ (4.1),student,NZ,1/24/2018
217,3,FALSE,NZ (4.1),student,NZ,1/24/2018
218,1,FALSE,NZ (4.1),student,NZ,1/24/2018
219,2,FALSE,NZ (4.1),student,NZ,1/24/2018
220,2,FALSE,NZ (4.1),student,NZ,1/24/2018
221,2,FALSE,NZ (4.1),student,NZ,1/24/2018
222,1,FALSE,NZ (4.1),student,NZ,1/24/2018
223,3,FALSE,NZ (4.1),student,NZ,1/24/2018
224,3,FALSE,NZ (4.1),student,NZ,1/24/2018
225,2,FALSE,NZ (4.1),student,NZ,1/24/2018
226,3,FALSE,NZ (4.1),student,NZ,1/24/2018
227,3,FALSE,NZ (4.1),student,NZ,1/24/2018
228,3,FALSE,NZ (4.1),student,NZ,1/24/2018
229,3,FALSE,NZ (4.1),student,NZ,1/24/2018
230,3,FALSE,NZ (4.1),student,NZ,1/24/2018
231,3,FALSE,NZ (4.1),student,NZ,1/24/2018
232,1,FALSE,NZ (4.1),student,NZ,1/24/2018
233,1,FALSE,NZ (4.1),student,NZ,1/24/2018
234,2,FALSE,NZ (4.1),student,NZ,1/24/2018
235,1,FALSE,NZ (4.1),student,NZ,1/24/2018
236,2,FALSE,NZ (4.1),student,NZ,1/24/2018
237,1,FALSE,NZ (4.1),student,NZ,1/24/2018
238,2,FALSE,NZ (4.1),student,NZ,1/24/2018
239,1,FALSE,NZ (4.1),student,NZ,1/24/2018
240,3,FALSE,NZ (4.1),student,NZ,1/24/2018
241,3,FALSE,NZ (4.1),student,NZ,1/24/2018
242,1,FALSE,NZ (4.1),student,NZ,1/24/2018
243,3,FALSE,NZ (4.1),student,NZ,1/24/2018
244,1,FALSE,NZ (4.1),student,NZ,1/24/2018
245,1,TRUE,MUZ (4.2),teacher,MUZ ,
246,1,TRUE,MUZ (4.2),teacher,MUZ ,
247,1,FALSE,MUZ (4.2),student,MUZ,2/6/2018
248,1,TRUE,MUZ (4.2),teacher,MUZ ,
249,1,FALSE,MUZ (4.2),student,MUZ,2/6/2018
250,1,TRUE,MUZ (4.2),teacher,MUZ ,
251,1,TRUE,MUZ (4.2),teacher,MUZ ,
252,1,TRUE,MUZ (4.2),teacher,MUZ ,
253,3,FALSE,MUZ (4.2),student,MUZ,2/6/2018
254,1,FALSE,MUZ (4.2),student,MUZ,2/6/2018
255,1,FALSE,MUZ (4.2),student,MUZ,2/6/2018
256,3,FALSE,MUZ (4.2),student,MUZ,2/6/2018
257,1,FALSE,MUZ (4.2),student,MUZ,2/6/2018
258,2,FALSE,MUZ (4.2),student,MUZ,2/6/2018
259,3,FALSE,MUZ (4.2),student,MUZ,2/6/2018
260,2,FALSE,MUZ (4.2),student,MUZ,2/6/2018
261,2,FALSE,MUZ (4.2),student,MUZ,2/6/2018
262,2,FALSE,MUZ (4.2),student,MUZ,2/6/2018
263,3,FALSE,MUZ (4.2),student,MUZ,2/6/2018
264,3,FALSE,MUZ (4.2),student,MUZ,2/6/2018
265,1,TRUE,MUZ (4.2),teacher,MUZ ,
266,3,FALSE,MUZ (4.2),student,MUZ,2/6/2018
267,2,FALSE,MUZ (4.2),student,MUZ,2/6/2018
268,1,FALSE,MUZ (4.2),student,MUZ,2/6/2018
269,3,FALSE,MUZ (4.2),student,MUZ,2/6/2018
270,2,FALSE,MUZ (4.2),student,MUZ,2/6/2018
271,1,TRUE,MUZ (4.2),teacher,MUZ ,
272,3,FALSE,MUZ (4.2),student,MUZ,2/6/2018
273,1,FALSE,MUZ (4.2),student,MUZ,2/6/2018
274,1,TRUE,MUZ (4.2),teacher,MUZ ,
275,3,FALSE,MUZ (4.2),student,MUZ,2/6/2018
276,2,FALSE,MUZ (4.2),student,MUZ,2/6/2018
277,1,TRUE,MUZ (4.1),teacher,MUZ ,
278,3,FALSE,MUZ (4.1),student,MUZ,2/6/2018
279,1,FALSE,MUZ (4.1),student,MUZ,2/6/2018
280,3,FALSE,MUZ (4.1),student,MUZ,2/6/2018
281,1,TRUE,MUZ (4.1),teacher,MUZ ,
282,1,FALSE,MUZ (4.1),student,MUZ,2/6/2018
283,2,FALSE,MUZ (4.1),student,MUZ,2/6/2018
284,2,FALSE,MUZ (4.1),student,MUZ,2/6/2018
285,1,FALSE,MUZ (4.1),student,MUZ,2/6/2018
286,3,FALSE,MUZ (4.1),student,MUZ,2/6/2018
287,3,FALSE,MUZ (4.1),student,MUZ,2/6/2018
288,1,TRUE,MUZ (4.1),teacher,MUZ ,
289,1,FALSE,MUZ (4.1),student,MUZ,2/6/2018
290,1,TRUE,MUZ (4.1),teacher,MUZ ,
291,1,FALSE,MUZ (4.1),student,MUZ,2/6/2018
292,3,FALSE,MUZ (4.1),student,MUZ,2/6/2018
293,2,FALSE,MUZ (4.1),student,MUZ,2/6/2018
294,1,TRUE,MUZ (4.1),teacher,MUZ ,
295,1,FALSE,MUZ (4.1),student,MUZ,2/6/2018
296,1,TRUE,MUZ (4.1),teacher,MUZ ,
297,2,FALSE,MUZ (4.1),student,MUZ,2/6/2018
298,2,FALSE,MUZ (4.1),student,MUZ,2/6/2018
299,1,TRUE,MUZ (4.1),teacher,MUZ ,
300,3,FALSE,MUZ (4.1),student,MUZ,2/6/2018
301,3,FALSE,MUZ (4.1),student,MUZ,2/6/2018
302,1,FALSE,MUZ (4.1),student,MUZ,2/6/2018
303,2,FALSE,MUZ (4.1),student,MUZ,2/6/2018
304,2,FALSE,MUZ (4.1),student,MUZ,2/6/2018
305,3,FALSE,MUZ (4.1),student,MUZ,2/6/2018
306,3,FALSE,MUZ (4.1),student,MUZ,2/6/2018
307,3,FALSE,MUZ (4.1),student,MUZ,2/6/2018
308,1,TRUE,MUZ (4.1),teacher,MUZ ,
309,1,FALSE,MR (4.1),student,MR,
310,1,FALSE,MR (4.1),student,MR,
311,1,FALSE,MR (4.1),student,MR,
312,2,FALSE,MR (4.1),student,MR,
313,2,FALSE,MR (4.1),student,MR,
314,3,FALSE,MR (4.1),student,MR,
315,1,FALSE,MR (4.1),student,MR,
316,3,FALSE,MR (4.1),student,MR,
317,2,FALSE,MR (4.1),student,MR,
318,1,FALSE,MR (4.1),student,MR,
319,3,FALSE,MR (4.1),student,MR,
320,1,FALSE,MR (4.1),student,MR,
321,2,FALSE,MR (4.1),student,MR,
322,2,FALSE,MR (4.1),student,MR,
323,2,FALSE,MR (4.1),student,MR,
324,2,FALSE,MR (4.1),student,MR,
325,3,FALSE,MR (4.1),student,MR,
326,3,FALSE,MR (4.1),student,MR,
327,1,FALSE,MR (4.1),student,MR,
328,3,FALSE,MR (4.1),student,MR,
329,1,FALSE,MR (4.1),student,MR,
330,3,FALSE,MR (4.1),student,MR,
331,2,FALSE,MR (4.1),student,MR,
332,3,FALSE,MR (4.1),student,MR,
333,2,FALSE,MR (4.1),student,MR,
334,3,FALSE,MR (4.1),student,MR,
335,3,FALSE,MR (4.1),student,MR,
336,3,FALSE,MR (4.1),student,MR,
337,3,FALSE,MR (4.1),student,MR,
338,2,FALSE,MR (4.1),student,MR,
339,1,FALSE,MR (4.1),student,MR,
340,3,FALSE,MR (4.1),student,MR,
341,2,FALSE,KO (4.3),student,KO,2/1/2018
342,3,FALSE,KO (4.3),student,KO,2/1/2018
343,3,FALSE,KO (4.3),student,KO,2/1/2018
344,3,FALSE,KO (4.3),student,KO,2/1/2018
345,3,FALSE,KO (4.3),student,KO,2/1/2018
346,2,FALSE,KO (4.3),student,KO,2/1/2018
347,1,FALSE,KO (4.3),student,KO,2/1/2018
348,3,FALSE,KO (4.3),student,KO,2/1/2018
349,3,FALSE,KO (4.3),student,KO,2/1/2018
350,3,FALSE,KO (4.3),student,KO,2/1/2018
351,1,FALSE,KO (4.3),student,KO,2/1/2018
352,1,FALSE,KO (4.3),student,KO,2/1/2018
353,3,FALSE,KO (4.3),student,KO,2/1/2018
354,2,FALSE,KO (4.3),student,KO,2/1/2018
355,2,FALSE,KO (4.3),student,KO,2/1/2018
356,3,FALSE,KO (4.3),student,KO,2/1/2018
357,2,FALSE,KO (4.3),student,KO,2/1/2018
358,1,FALSE,KO (4.3),student,KO,2/1/2018
359,2,FALSE,KO (4.3),student,KO,2/1/2018
360,3,FALSE,KO (4.3),student,KO,2/1/2018
361,1,FALSE,KO (4.3),student,KO,2/1/2018
362,2,FALSE,KO (4.3),student,KO,2/1/2018
363,1,FALSE,KO (4.3),student,KO,2/1/2018
364,3,FALSE,KO (4.3),student,KO,2/1/2018
365,2,FALSE,KO (4.3),student,KO,2/1/2018
366,3,FALSE,KO (4.3),student,KO,2/1/2018
367,1,FALSE,KO (4.3),student,KO,2/1/2018
368,1,FALSE,KO (4.3),student,KO,2/1/2018
369,3,FALSE,KO (4.3),student,KO,2/1/2018
370,2,FALSE,KO (4.3),student,KO,2/1/2018
371,2,FALSE,KO (4.2),student,KO,2/4/2018
372,1,FALSE,KO (4.2),student,KO,2/4/2018
373,3,FALSE,KO (4.2),student,KO,2/4/2018
374,3,FALSE,KO (4.2),student,KO,2/4/2018
375,1,FALSE,KO (4.2),student,KO,2/4/2018
376,3,FALSE,KO (4.2),student,KO,2/4/2018
377,1,FALSE,KO (4.2),student,KO,2/4/2018
378,3,FALSE,KO (4.2),student,KO,2/4/2018
379,3,FALSE,KO (4.2),student,KO,2/4/2018
380,2,FALSE,KO (4.2),student,KO,2/4/2018
381,3,FALSE,KO (4.2),student,KO,2/4/2018
382,2,FALSE,KO (4.2),student,KO,2/4/2018
383,3,FALSE,KO (4.2),student,KO,2/4/2018
384,1,FALSE,KO (4.2),student,KO,2/4/2018
385,3,FALSE,KO (4.2),student,KO,2/4/2018
386,1,FALSE,KO (4.2),student,KO,2/4/2018
387,1,FALSE,KO (4.2),student,KO,2/4/2018
388,2,FALSE,KO (4.2),student,KO,2/4/2018
389,2,FALSE,KO (4.2),student,KO,2/4/2018
390,2,FALSE,KO (4.2),student,KO,2/4/2018
391,1,FALSE,KO (4.2),student,KO,2/4/2018
392,1,FALSE,KO (4.2),student,KO,2/4/2018
393,3,FALSE,KO (4.2),student,KO,2/4/2018
394,3,FALSE,KO (4.2),student,KO,2/4/2018
395,2,FALSE,KO (4.2),student,KO,2/4/2018
396,2,FALSE,KO (4.2),student,KO,2/4/2018
397,3,FALSE,KO (4.2),student,KO,2/4/2018
398,3,FALSE,KO (4.2),student,KO,2/4/2018
399,3,FALSE,KO (4.2),student,KO,2/4/2018
400,1,FALSE,KO (4.1),student,KO,2/4/2018
401,3,FALSE,KO (4.1),student,KO,2/4/2018
402,2,FALSE,KO (4.1),student,KO,2/4/2018
403,1,FALSE,KO (4.1),student,KO,2/4/2018
404,1,FALSE,KO (4.1),student,KO,2/4/2018
405,3,FALSE,KO (4.1),student,KO,2/4/2018
406,2,FALSE,KO (4.1),student,KO,2/4/2018
407,2,FALSE,KO (4.1),student,KO,2/4/2018
408,2,FALSE,KO (4.1),student,KO,2/4/2018
409,1,FALSE,KO (4.1),student,KO,2/4/2018
410,3,FALSE,KO (4.1),student,KO,2/4/2018
411,3,FALSE,KO (4.1),student,KO,2/4/2018
412,1,FALSE,KO (4.1),student,KO,2/4/2018
413,3,FALSE,KO (4.1),student,KO,2/4/2018
414,3,FALSE,KO (4.1),student,KO,2/4/2018
415,1,FALSE,KO (4.1),student,KO,2/4/2018
416,2,FALSE,KO (4.1),student,KO,2/4/2018
417,3,FALSE,KO (4.1),student,KO,2/4/2018
418,1,FALSE,KO (4.1),student,KO,2/4/2018
419,2,FALSE,KO (4.1),student,KO,2/4/2018
420,3,FALSE,KO (4.1),student,KO,2/4/2018
421,3,FALSE,KO (4.1),student,KO,2/4/2018
422,3,FALSE,KO (4.1),student,KO,2/4/2018
423,2,FALSE,KO (4.1),student,KO,2/4/2018
424,3,FALSE,KO (4.1),student,KO,2/4/2018
425,2,FALSE,KO (4.1),student,KO,2/4/2018
426,1,FALSE,KO (4.1),student,KO,2/4/2018
427,3,FALSE,KO (4.1),student,KO,2/4/2018
428,3,FALSE,KO (4.1),student,KO,2/4/2018
429,2,FALSE,KO (4.1),student,KO,2/4/2018
430,1,FALSE,KO (4.1),student,KO,2/4/2018
431,1,FALSE,KO (4.1),student,KO,2/4/2018
432,1,FALSE,GB-1 (4.4),student,GB-1,1/25/2018
433,3,FALSE,GB-1 (4.4),student,GB-1,1/25/2018
434,3,FALSE,GB-1 (4.4),student,GB-1,1/25/2018
435,1,TRUE,GB-1 (4.4),teacher,GB-1 ,
436,3,FALSE,GB-1 (4.4),student,GB-1,1/25/2018
437,2,FALSE,GB-1 (4.4),student,GB-1,1/25/2018
438,3,FALSE,GB-1 (4.4),student,GB-1,1/25/2018
439,3,FALSE,GB-1 (4.4),student,GB-1,1/25/2018
440,2,FALSE,GB-1 (4.4),student,GB-1,1/25/2018
441,1,FALSE,GB-1 (4.4),student,GB-1,1/25/2018
442,3,FALSE,GB-1 (4.4),student,GB-1,1/25/2018
443,3,FALSE,GB-1 (4.4),student,GB-1,1/25/2018
444,1,FALSE,GB-1 (4.4),student,GB-1,1/25/2018
445,1,FALSE,GB-1 (4.4),student,GB-1,1/25/2018
446,2,FALSE,GB-1 (4.4),student,GB-1,1/25/2018
447,1,FALSE,GB-1 (4.4),student,GB-1,1/25/2018
448,2,FALSE,GB-1 (4.4),student,GB-1,1/25/2018
449,1,FALSE,GB-1 (4.4),student,GB-1,1/25/2018
450,3,FALSE,GB-1 (4.4),student,GB-1,1/25/2018
451,3,FALSE,GB-1 (4.4),student,GB-1,1/25/2018
452,3,FALSE,GB-1 (4.4),student,GB-1,1/25/2018
453,2,FALSE,GB-1 (4.4),student,GB-1,1/25/2018
454,2,FALSE,GB-1 (4.4),student,GB-1,1/25/2018
455,1,FALSE,GB-1 (4.4),student,GB-1,1/25/2018
456,2,FALSE,GB-1 (4.4),student,GB-1,1/25/2018
457,1,FALSE,GB-1 (4.4),student,GB-1,1/25/2018
458,2,FALSE,GB-1 (4.4),student,GB-1,1/25/2018
459,1,FALSE,GB-1 (4.4),student,GB-1,1/25/2018
460,2,FALSE,GB-1 (4.4),student,GB-1,1/25/2018
461,1,FALSE,GB-1 (4.4),student,GB-1,1/25/2018
462,1,FALSE,GB-1 (4.4),student,GB-1,1/25/2018
463,2,FALSE,GB-1 (4.4),student,GB-1,1/25/2018
464,3,FALSE,GB-1 (4.4),student,GB-1,1/25/2018
465,3,FALSE,GB-1 (4.4),student,GB-1,1/25/2018
466,1,TRUE,GB-1 (4.3),teacher,GB-1 ,
467,1,TRUE,GB-1 (4.2),teacher,GB-1 ,
468,1,TRUE,GB-1 (4.2),teacher,GB-1 ,
469,1,FALSE,GB-1 (4.1),student,GB-1,1/25/2018
470,2,FALSE,GB-1 (4.1),student,GB-1,1/25/2018
471,1,TRUE,GB-1 (4.1),teacher,GB-1 ,
472,1,FALSE,GB-1 (4.1),student,GB-1,1/25/2018
473,2,FALSE,GB-1 (4.1),student,GB-1,1/25/2018
474,3,FALSE,GB-1 (4.1),student,GB-1,1/25/2018
475,2,FALSE,GB-1 (4.1),student,GB-1,1/25/2018
476,1,FALSE,GB-1 (4.1),student,GB-1,1/25/2018
477,2,FALSE,GB-1 (4.1),student,GB-1,1/25/2018
478,1,TRUE,GB-1 (4.1),teacher,GB-1 ,
479,1,TRUE,GB-1 (4.1),teacher,GB-1 ,
480,2,FALSE,GB-1 (4.1),student,GB-1,1/25/2018
481,3,FALSE,GB-1 (4.1),student,GB-1,1/25/2018
482,3,FALSE,GB-1 (4.1),student,GB-1,1/25/2018
483,3,FALSE,GB-1 (4.1),student,GB-1,1/25/2018
484,3,FALSE,GB-1 (4.1),student,GB-1,1/25/2018
485,3,FALSE,GB-1 (4.1),student,GB-1,1/25/2018
486,2,FALSE,GB-1 (4.1),student,GB-1,1/25/2018
487,2,FALSE,GB-1 (4.1),student,GB-1,1/25/2018
488,3,FALSE,GB-1 (4.1),student,GB-1,1/25/2018
489,1,TRUE,GB-1 (4.1),teacher,GB-1 ,
490,2,FALSE,GB-1 (4.1),student,GB-1,1/25/2018
491,1,FALSE,GB-1 (4.1),student,GB-1,1/25/2018
492,3,FALSE,GB-1 (4.1),student,GB-1,1/25/2018
493,3,FALSE,GB-1 (4.1),student,GB-1,1/25/2018
494,1,FALSE,GB-1 (4.1),student,GB-1,1/25/2018
495,1,FALSE,GB-1 (4.1),student,GB-1,1/25/2018
496,1,FALSE,GB-1 (4.1),student,GB-1,1/25/2018
497,1,TRUE,GB-1 (4.1),teacher,GB-1 ,
498,3,FALSE,GB-1 (4.1),student,GB-1,1/25/2018
499,1,FALSE,GB-1 (4.1),student,GB-1,1/25/2018
500,1,FALSE,GB-1 (4.1),student,GB-1,1/25/2018
501,2,FALSE,GB-1 (4.1),student,GB-1,1/25/2018
502,3,FALSE,GB-1 (4.1),student,GB-1,1/25/2018
503,2,FALSE,GB-1 (4.1),student,GB-1,1/25/2018
504,2,FALSE,GB-1 (4.1),student,GB-1,1/25/2018
505,3,FALSE,GB-1 (4.1),student,GB-1,1/25/2018
506,1,TRUE,GB-1 (4.1),teacher,GB-1 ,
507,1,FALSE,GB-1 (4.1),student,GB-1,1/25/2018
508,3,FALSE,GB-1 (4.1),student,GB-1,1/25/2018
509,3,FALSE,GB-1 (4.1),student,GB-1,1/25/2018
510,1,FALSE,GB-1 (4.1),student,GB-1,1/25/2018
511,1,FALSE,GB-1 (4.1),student,GB-1,1/25/2018
512,2,FALSE,GB-1 (4.1),student,GB-1,1/25/2018
513,3,TRUE,EE9F472E-ECD7-49E1-983A-E54604398B31,student,131313,
514,2,TRUE,EE9F472E-ECD7-49E1-983A-E54604398B31,student,131313,
515,3,TRUE,EE9F472E-ECD7-49E1-983A-E54604398B31,student,131313,
516,2,TRUE,EE9F472E-ECD7-49E1-983A-E54604398B31,student,131313,
517,3,TRUE,EE9F472E-ECD7-49E1-983A-E54604398B31,student,131313,
518,3,TRUE,EE9F472E-ECD7-49E1-983A-E54604398B31,student,131313,
519,1,TRUE,EE9F472E-ECD7-49E1-983A-E54604398B31,student,131313,
520,1,TRUE,EE9F472E-ECD7-49E1-983A-E54604398B31,student,131313,
521,3,TRUE,EE9F472E-ECD7-49E1-983A-E54604398B31,student,131313,
522,3,TRUE,EE9F472E-ECD7-49E1-983A-E54604398B31,student,131313,
523,3,TRUE,EE9F472E-ECD7-49E1-983A-E54604398B31,student,131313,
524,1,TRUE,EE9F472E-ECD7-49E1-983A-E54604398B31,student,131313,
525,1,TRUE,EE9F472E-ECD7-49E1-983A-E54604398B31,student,131313,
526,1,TRUE,EE9F472E-ECD7-49E1-983A-E54604398B31,student,131313,
527,3,TRUE,EE9F472E-ECD7-49E1-983A-E54604398B31,student,131313,
528,3,TRUE,EE9F472E-ECD7-49E1-983A-E54604398B31,student,131313,
529,2,TRUE,EE9F472E-ECD7-49E1-983A-E54604398B31,student,131313,
530,2,TRUE,EE9F472E-ECD7-49E1-983A-E54604398B31,student,131313,
531,3,TRUE,EE9F472E-ECD7-49E1-983A-E54604398B31,student,131313,
532,2,TRUE,D7137C33-21C8-4100-B2A4-58F61C3FA708,student,363636,
533,3,TRUE,D7137C33-21C8-4100-B2A4-58F61C3FA708,student,363636,
534,3,TRUE,D7137C33-21C8-4100-B2A4-58F61C3FA708,student,363636,
535,3,TRUE,D7137C33-21C8-4100-B2A4-58F61C3FA708,student,363636,
536,1,TRUE,D7137C33-21C8-4100-B2A4-58F61C3FA708,student,363636,
537,1,TRUE,D7137C33-21C8-4100-B2A4-58F61C3FA708,student,363636,
538,3,TRUE,D7137C33-21C8-4100-B2A4-58F61C3FA708,student,363636,
539,3,TRUE,D7137C33-21C8-4100-B2A4-58F61C3FA708,student,363636,
540,1,TRUE,D7137C33-21C8-4100-B2A4-58F61C3FA708,student,363636,
541,2,TRUE,D7137C33-21C8-4100-B2A4-58F61C3FA708,student,363636,
542,2,TRUE,D7137C33-21C8-4100-B2A4-58F61C3FA708,student,363636,
543,1,TRUE,D7137C33-21C8-4100-B2A4-58F61C3FA708,student,363636,
544,3,TRUE,D7137C33-21C8-4100-B2A4-58F61C3FA708,student,363636,
545,2,TRUE,D7137C33-21C8-4100-B2A4-58F61C3FA708,student,363636,
546,3,TRUE,D7137C33-21C8-4100-B2A4-58F61C3FA708,student,363636,
547,1,TRUE,D7137C33-21C8-4100-B2A4-58F61C3FA708,student,363636,
548,3,TRUE,D7137C33-21C8-4100-B2A4-58F61C3FA708,student,363636,
549,3,TRUE,D7137C33-21C8-4100-B2A4-58F61C3FA708,student,363636,
550,3,TRUE,D7137C33-21C8-4100-B2A4-58F61C3FA708,student,363636,
551,2,TRUE,C33DEEB3-8076-423A-B148-226D206ACCF9,student,111111,
552,3,TRUE,C33DEEB3-8076-423A-B148-226D206ACCF9,student,111111,
553,1,TRUE,C33DEEB3-8076-423A-B148-226D206ACCF9,student,111111,
554,1,TRUE,C33DEEB3-8076-423A-B148-226D206ACCF9,student,111111,
555,3,TRUE,C33DEEB3-8076-423A-B148-226D206ACCF9,student,111111,
556,3,TRUE,C33DEEB3-8076-423A-B148-226D206ACCF9,student,111111,
557,3,TRUE,C33DEEB3-8076-423A-B148-226D206ACCF9,student,111111,
558,3,TRUE,C33DEEB3-8076-423A-B148-226D206ACCF9,student,111111,
559,3,TRUE,C33DEEB3-8076-423A-B148-226D206ACCF9,student,111111,
560,3,TRUE,C33DEEB3-8076-423A-B148-226D206ACCF9,student,111111,
561,1,TRUE,C33DEEB3-8076-423A-B148-226D206ACCF9,student,111111,
562,2,TRUE,C33DEEB3-8076-423A-B148-226D206ACCF9,student,111111,
563,2,TRUE,C33DEEB3-8076-423A-B148-226D206ACCF9,student,111111,
564,3,TRUE,C33DEEB3-8076-423A-B148-226D206ACCF9,student,111111,
565,1,TRUE,C33DEEB3-8076-423A-B148-226D206ACCF9,student,111111,
566,3,TRUE,C33DEEB3-8076-423A-B148-226D206ACCF9,student,111111,
567,2,TRUE,C33DEEB3-8076-423A-B148-226D206ACCF9,student,111111,
568,1,TRUE,C33DEEB3-8076-423A-B148-226D206ACCF9,student,111111,
569,2,TRUE,C33DEEB3-8076-423A-B148-226D206ACCF9,student,111111,
570,3,TRUE,C33DEEB3-8076-423A-B148-226D206ACCF9,student,111111,
571,2,TRUE,C33DEEB3-8076-423A-B148-226D206ACCF9,student,111111,
572,3,TRUE,C33DEEB3-8076-423A-B148-226D206ACCF9,student,111111,
573,3,TRUE,C33DEEB3-8076-423A-B148-226D206ACCF9,student,111111,
574,2,TRUE,C33DEEB3-8076-423A-B148-226D206ACCF9,student,111111,
575,3,TRUE,C33DEEB3-8076-423A-B148-226D206ACCF9,student,111111,
576,3,TRUE,C33DEEB3-8076-423A-B148-226D206ACCF9,student,111111,
577,1,TRUE,C33DEEB3-8076-423A-B148-226D206ACCF9,student,111111,
578,3,TRUE,C33DEEB3-8076-423A-B148-226D206ACCF9,student,111111,
579,3,TRUE,C33DEEB3-8076-423A-B148-226D206ACCF9,student,111111,
580,2,TRUE,C33DEEB3-8076-423A-B148-226D206ACCF9,student,111111,
581,2,TRUE,C33DEEB3-8076-423A-B148-226D206ACCF9,student,111111,
582,3,TRUE,C33DEEB3-8076-423A-B148-226D206ACCF9,student,111111,
583,2,TRUE,C33DEEB3-8076-423A-B148-226D206ACCF9,student,111111,
584,3,TRUE,C33DEEB3-8076-423A-B148-226D206ACCF9,student,111111,
585,1,TRUE,C33DEEB3-8076-423A-B148-226D206ACCF9,student,111111,
586,3,TRUE,C33DEEB3-8076-423A-B148-226D206ACCF9,student,111111,
587,2,TRUE,C33DEEB3-8076-423A-B148-226D206ACCF9,student,111111,
588,1,TRUE,C33DEEB3-8076-423A-B148-226D206ACCF9,student,111111,
589,3,TRUE,C33DEEB3-8076-423A-B148-226D206ACCF9,student,111111,
590,3,TRUE,C33DEEB3-8076-423A-B148-226D206ACCF9,student,111111,
591,1,TRUE,C33DEEB3-8076-423A-B148-226D206ACCF9,student,111111,
592,3,TRUE,C33DEEB3-8076-423A-B148-226D206ACCF9,student,111111,
593,3,TRUE,C33DEEB3-8076-423A-B148-226D206ACCF9,student,111111,
594,3,TRUE,C33DEEB3-8076-423A-B148-226D206ACCF9,student,111111,
595,3,TRUE,C33DEEB3-8076-423A-B148-226D206ACCF9,student,111111,
596,3,TRUE,C33DEEB3-8076-423A-B148-226D206ACCF9,student,111111,
597,3,TRUE,C33DEEB3-8076-423A-B148-226D206ACCF9,student,111111,
598,3,TRUE,C33DEEB3-8076-423A-B148-226D206ACCF9,student,111111,
599,3,TRUE,C33DEEB3-8076-423A-B148-226D206ACCF9,student,111111,
600,3,TRUE,C33DEEB3-8076-423A-B148-226D206ACCF9,student,111111,
601,1,TRUE,C33DEEB3-8076-423A-B148-226D206ACCF9,student,111111,
602,3,TRUE,C33DEEB3-8076-423A-B148-226D206ACCF9,student,111111,
603,2,TRUE,C33DEEB3-8076-423A-B148-226D206ACCF9,student,111111,
604,1,TRUE,C33DEEB3-8076-423A-B148-226D206ACCF9,student,111111,
605,3,TRUE,C33DEEB3-8076-423A-B148-226D206ACCF9,student,111111,
606,1,TRUE,C33DEEB3-8076-423A-B148-226D206ACCF9,student,111111,
607,2,TRUE,C33DEEB3-8076-423A-B148-226D206ACCF9,student,111111,
608,3,TRUE,C33DEEB3-8076-423A-B148-226D206ACCF9,student,111111,
609,3,TRUE,C33DEEB3-8076-423A-B148-226D206ACCF9,student,111111,
610,1,TRUE,C33DEEB3-8076-423A-B148-226D206ACCF9,student,111111,
611,1,TRUE,C33DEEB3-8076-423A-B148-226D206ACCF9,student,111111,
612,2,TRUE,C33DEEB3-8076-423A-B148-226D206ACCF9,student,111111,
613,1,TRUE,C33DEEB3-8076-423A-B148-226D206ACCF9,student,111111,
614,2,TRUE,C33DEEB3-8076-423A-B148-226D206ACCF9,student,111111,
615,1,TRUE,C33DEEB3-8076-423A-B148-226D206ACCF9,student,111111,
616,2,TRUE,C33DEEB3-8076-423A-B148-226D206ACCF9,student,111111,
617,2,TRUE,C33DEEB3-8076-423A-B148-226D206ACCF9,student,111111,
618,1,TRUE,C33DEEB3-8076-423A-B148-226D206ACCF9,student,111111,
619,3,TRUE,C33DEEB3-8076-423A-B148-226D206ACCF9,student,111111,
620,3,TRUE,C33DEEB3-8076-423A-B148-226D206ACCF9,student,111111,
621,3,TRUE,C33DEEB3-8076-423A-B148-226D206ACCF9,student,111111,
622,3,TRUE,C33DEEB3-8076-423A-B148-226D206ACCF9,student,111111,
623,2,TRUE,C33DEEB3-8076-423A-B148-226D206ACCF9,student,111111,
624,2,TRUE,C33DEEB3-8076-423A-B148-226D206ACCF9,student,111111,
625,1,TRUE,C33DEEB3-8076-423A-B148-226D206ACCF9,student,111111,
626,1,TRUE,C33DEEB3-8076-423A-B148-226D206ACCF9,student,111111,
627,1,TRUE,C33DEEB3-8076-423A-B148-226D206ACCF9,student,111111,
628,2,TRUE,C33DEEB3-8076-423A-B148-226D206ACCF9,student,111111,
629,3,TRUE,C33DEEB3-8076-423A-B148-226D206ACCF9,student,111111,
630,2,TRUE,C33DEEB3-8076-423A-B148-226D206ACCF9,student,111111,
631,3,TRUE,C33DEEB3-8076-423A-B148-226D206ACCF9,student,111111,
632,3,TRUE,C33DEEB3-8076-423A-B148-226D206ACCF9,student,111111,
633,3,TRUE,C33DEEB3-8076-423A-B148-226D206ACCF9,student,111111,
634,1,TRUE,C33DEEB3-8076-423A-B148-226D206ACCF9,student,111111,
635,3,TRUE,C33DEEB3-8076-423A-B148-226D206ACCF9,student,111111,
636,3,TRUE,C33DEEB3-8076-423A-B148-226D206ACCF9,student,111111,
637,1,TRUE,C33DEEB3-8076-423A-B148-226D206ACCF9,student,111111,
638,1,TRUE,C33DEEB3-8076-423A-B148-226D206ACCF9,student,111111,
639,2,TRUE,C33DEEB3-8076-423A-B148-226D206ACCF9,student,111111,
640,3,TRUE,C33DEEB3-8076-423A-B148-226D206ACCF9,student,111111,
641,3,TRUE,C33DEEB3-8076-423A-B148-226D206ACCF9,student,111111,
642,3,TRUE,C33DEEB3-8076-423A-B148-226D206ACCF9,student,111111,
643,2,TRUE,C33DEEB3-8076-423A-B148-226D206ACCF9,student,111111,
644,1,TRUE,C33DEEB3-8076-423A-B148-226D206ACCF9,student,111111,
645,1,TRUE,C33DEEB3-8076-423A-B148-226D206ACCF9,student,111111,
646,2,TRUE,C33DEEB3-8076-423A-B148-226D206ACCF9,student,111111,
647,3,TRUE,C33DEEB3-8076-423A-B148-226D206ACCF9,student,111111,
648,3,TRUE,C33DEEB3-8076-423A-B148-226D206ACCF9,student,111111,
649,2,TRUE,C33DEEB3-8076-423A-B148-226D206ACCF9,student,111111,
650,3,TRUE,C33DEEB3-8076-423A-B148-226D206ACCF9,student,111111,
651,1,TRUE,C33DEEB3-8076-423A-B148-226D206ACCF9,student,111111,
652,3,TRUE,BEC0004F-9C0F-461A-93F6-D7BCD77360BD,student,818182,
653,2,TRUE,BEC0004F-9C0F-461A-93F6-D7BCD77360BD,student,818182,
654,1,TRUE,BEC0004F-9C0F-461A-93F6-D7BCD77360BD,student,818182,
655,3,TRUE,BEC0004F-9C0F-461A-93F6-D7BCD77360BD,student,818182,
656,3,TRUE,BEC0004F-9C0F-461A-93F6-D7BCD77360BD,student,818182,
657,3,TRUE,BEC0004F-9C0F-461A-93F6-D7BCD77360BD,student,818182,
658,1,TRUE,BEC0004F-9C0F-461A-93F6-D7BCD77360BD,student,818182,
659,3,TRUE,BEC0004F-9C0F-461A-93F6-D7BCD77360BD,student,818182,
660,1,TRUE,BEC0004F-9C0F-461A-93F6-D7BCD77360BD,student,818182,
661,3,TRUE,BEC0004F-9C0F-461A-93F6-D7BCD77360BD,student,818182,
662,3,TRUE,BEC0004F-9C0F-461A-93F6-D7BCD77360BD,student,818182,
663,3,TRUE,BEC0004F-9C0F-461A-93F6-D7BCD77360BD,student,818182,
664,1,TRUE,BEC0004F-9C0F-461A-93F6-D7BCD77360BD,student,818182,
665,1,TRUE,BEC0004F-9C0F-461A-93F6-D7BCD77360BD,student,818182,
666,3,TRUE,BEC0004F-9C0F-461A-93F6-D7BCD77360BD,student,818182,
667,2,TRUE,BEC0004F-9C0F-461A-93F6-D7BCD77360BD,student,818182,
668,3,TRUE,BEC0004F-9C0F-461A-93F6-D7BCD77360BD,student,818182,
669,2,TRUE,BEC0004F-9C0F-461A-93F6-D7BCD77360BD,student,818182,
670,2,TRUE,BEC0004F-9C0F-461A-93F6-D7BCD77360BD,student,818182,
671,3,FALSE,AR (4.4),special_education_student,AR,2/4/2018
672,3,FALSE,AR (4.4),special_education_student,AR,2/4/2018
673,3,FALSE,AR (4.4),special_education_student,AR,2/4/2018
674,3,FALSE,AR (4.4),special_education_student,AR,2/4/2018
675,3,FALSE,AR (4.4),special_education_student,AR,2/4/2018
676,3,FALSE,AR (4.4),special_education_student,AR,2/4/2018
677,1,TRUE,AR (4.4),teacher,AR ,
678,3,FALSE,AR (4.4),special_education_student,AR,2/4/2018
679,3,FALSE,AR (4.4),special_education_student,AR,2/4/2018
680,3,FALSE,AR (4.4),special_education_student,AR,2/4/2018
681,3,FALSE,AR (4.4),special_education_student,AR,2/4/2018
682,3,FALSE,AR (4.4),special_education_student,AR,2/4/2018
683,3,FALSE,AR (4.4),special_education_student,AR,2/4/2018
684,3,FALSE,AR (4.4),special_education_student,AR,2/4/2018
685,3,FALSE,AR (4.4),special_education_student,AR,2/4/2018
686,3,FALSE,AR (4.3),special_education_student,AR,2/4/2018
687,1,TRUE,AR (4.3),teacher,AR ,
688,3,FALSE,AR (4.3),special_education_student,AR,2/4/2018
689,3,FALSE,AR (4.3),special_education_student,AR,2/4/2018
690,3,FALSE,AR (4.3),special_education_student,AR,2/4/2018
691,3,FALSE,AR (4.3),special_education_student,AR,2/4/2018
692,3,FALSE,AR (4.3),special_education_student,AR,2/4/2018
693,3,FALSE,AR (4.3),special_education_student,AR,2/4/2018
694,3,FALSE,AR (4.3),special_education_student,AR,2/4/2018
695,3,FALSE,AR (4.3),special_education_student,AR,2/4/2018
696,3,FALSE,AR (4.3),special_education_student,AR,2/4/2018
697,3,FALSE,AR (4.3),special_education_student,AR,2/4/2018
698,3,FALSE,AR (4.3),special_education_student,AR,2/4/2018
699,3,FALSE,AR (4.3),special_education_student,AR,2/4/2018
700,3,FALSE,AR (4.3),special_education_student,AR,2/4/2018
701,3,FALSE,AR (4.3),special_education_student,AR,2/4/2018
702,1,FALSE,AR (4.2),student,AR,2/4/2018
703,2,FALSE,AR (4.2),student,AR,2/4/2018
704,2,FALSE,AR (4.2),student,AR,2/4/2018
705,1,FALSE,AR (4.2),student,AR,2/4/2018
706,3,FALSE,AR (4.2),student,AR,2/4/2018
707,2,FALSE,AR (4.2),student,AR,2/4/2018
708,3,FALSE,AR (4.2),student,AR,2/4/2018
709,3,FALSE,AR (4.2),student,AR,2/4/2018
710,2,FALSE,AR (4.2),student,AR,2/4/2018
711,3,FALSE,AR (4.2),student,AR,2/4/2018
712,3,FALSE,AR (4.2),student,AR,2/4/2018
713,1,FALSE,AR (4.2),student,AR,2/4/2018
714,3,FALSE,AR (4.2),student,AR,2/4/2018
715,3,FALSE,AR (4.2),student,AR,2/4/2018
716,1,FALSE,AR (4.2),student,AR,2/4/2018
717,2,FALSE,AR (4.2),student,AR,2/4/2018
718,1,FALSE,AR (4.2),student,AR,2/4/2018
719,1,FALSE,AR (4.2),student,AR,2/4/2018
720,2,FALSE,AR (4.2),student,AR,2/4/2018
721,1,FALSE,AR (4.2),student,AR,2/4/2018
722,1,TRUE,AR (4.2),teacher,AR ,
723,2,FALSE,AR (4.2),student,AR,2/4/2018
724,3,FALSE,AR (4.2),student,AR,2/4/2018
725,3,FALSE,AR (4.2),student,AR,2/4/2018
726,3,FALSE,AR (4.2),student,AR,2/4/2018
727,2,FALSE,AR (4.2),student,AR,2/4/2018
728,3,FALSE,AR (4.2),student,AR,2/4/2018
729,2,FALSE,AR (4.2),student,AR,2/4/2018
730,3,FALSE,AR (4.2),student,AR,2/4/2018
731,1,FALSE,AR (4.2),student,AR,2/4/2018
732,1,TRUE,AR (4.2),teacher,AR ,
733,1,FALSE,AR (4.2),student,AR,2/4/2018
734,1,FALSE,AR (4.2),student,AR,2/4/2018
735,3,FALSE,AR (4.1),student,AR,2/4/2018
736,3,FALSE,AR (4.1),student,AR,2/4/2018
737,1,FALSE,AR (4.1),student,AR,2/4/2018
738,1,FALSE,AR (4.1),student,AR,2/4/2018
739,3,FALSE,AR (4.1),student,AR,2/4/2018
740,2,FALSE,AR (4.1),student,AR,2/4/2018
741,2,FALSE,AR (4.1),student,AR,2/4/2018
742,1,FALSE,AR (4.1),student,AR,2/4/2018
743,3,FALSE,AR (4.1),student,AR,2/4/2018
744,1,FALSE,AR (4.1),student,AR,2/4/2018
745,3,FALSE,AR (4.1),student,AR,2/4/2018
746,2,FALSE,AR (4.1),student,AR,2/4/2018
747,3,FALSE,AR (4.1),student,AR,2/4/2018
748,3,FALSE,AR (4.1),student,AR,2/4/2018
749,1,TRUE,AR (4.1),teacher,AR ,
750,1,FALSE,AR (4.1),student,AR,2/4/2018
751,1,TRUE,AR (4.1),teacher,AR ,
752,3,FALSE,AR (4.1),student,AR,2/4/2018
753,3,FALSE,AR (4.1),student,AR,2/4/2018
754,1,TRUE,AR (4.1),teacher,AR ,
755,2,FALSE,AR (4.1),student,AR,2/4/2018
756,3,FALSE,AR (4.1),student,AR,2/4/2018
757,1,FALSE,AR (4.1),student,AR,2/4/2018
758,3,FALSE,AR (4.1),student,AR,2/4/2018
759,2,FALSE,AR (4.1),student,AR,2/4/2018
760,2,FALSE,AR (4.1),student,AR,2/4/2018
761,1,FALSE,AR (4.1),student,AR,2/4/2018
762,1,TRUE,AR (4.1),teacher,AR ,
763,2,FALSE,AR (4.1),student,AR,2/4/2018
764,2,FALSE,AR (4.1),student,AR,2/4/2018
765,1,FALSE,AR (4.1),student,AR,2/4/2018
766,3,TRUE,5F0242D5-40B4-48B7-91EF-A5AAAD0829A5,student,141415,
767,2,TRUE,5F0242D5-40B4-48B7-91EF-A5AAAD0829A5,student,141415,
768,2,TRUE,5F0242D5-40B4-48B7-91EF-A5AAAD0829A5,student,141415,
769,3,TRUE,5F0242D5-40B4-48B7-91EF-A5AAAD0829A5,student,141415,
770,3,TRUE,5F0242D5-40B4-48B7-91EF-A5AAAD0829A5,student,141415,
771,3,TRUE,5F0242D5-40B4-48B7-91EF-A5AAAD0829A5,student,141415,
772,3,TRUE,5F0242D5-40B4-48B7-91EF-A5AAAD0829A5,student,141415,
773,1,TRUE,5F0242D5-40B4-48B7-91EF-A5AAAD0829A5,student,141415,
774,3,TRUE,5F0242D5-40B4-48B7-91EF-A5AAAD0829A5,student,141415,
775,2,TRUE,5F0242D5-40B4-48B7-91EF-A5AAAD0829A5,student,141415,
776,1,TRUE,5F0242D5-40B4-48B7-91EF-A5AAAD0829A5,student,141415,
777,3,TRUE,5F0242D5-40B4-48B7-91EF-A5AAAD0829A5,student,141415,
778,2,TRUE,5F0242D5-40B4-48B7-91EF-A5AAAD0829A5,student,141415,
779,1,TRUE,5F0242D5-40B4-48B7-91EF-A5AAAD0829A5,student,141415,
780,1,TRUE,5F0242D5-40B4-48B7-91EF-A5AAAD0829A5,student,141415,
781,3,TRUE,5F0242D5-40B4-48B7-91EF-A5AAAD0829A5,student,141415,
782,1,TRUE,5F0242D5-40B4-48B7-91EF-A5AAAD0829A5,student,141415,
783,3,TRUE,5F0242D5-40B4-48B7-91EF-A5AAAD0829A5,student,141415,
784,3,TRUE,5F0242D5-40B4-48B7-91EF-A5AAAD0829A5,student,141415,
785,3,TRUE,5AD9F0E4-63BC-4620-8BFF-83374E5DE258,student,123123,
786,3,TRUE,5AD9F0E4-63BC-4620-8BFF-83374E5DE258,student,123123,
787,3,TRUE,5AD9F0E4-63BC-4620-8BFF-83374E5DE258,student,123123,
788,3,TRUE,5AD9F0E4-63BC-4620-8BFF-83374E5DE258,student,123123,
789,3,TRUE,5AD9F0E4-63BC-4620-8BFF-83374E5DE258,student,123123,
790,2,TRUE,5AD9F0E4-63BC-4620-8BFF-83374E5DE258,student,123123,
791,1,TRUE,5AD9F0E4-63BC-4620-8BFF-83374E5DE258,student,123123,
792,3,TRUE,5AD9F0E4-63BC-4620-8BFF-83374E5DE258,student,123123,
793,1,TRUE,5AD9F0E4-63BC-4620-8BFF-83374E5DE258,student,123123,
794,3,TRUE,5AD9F0E4-63BC-4620-8BFF-83374E5DE258,student,123123,
795,3,TRUE,5AD9F0E4-63BC-4620-8BFF-83374E5DE258,student,123123,
796,1,TRUE,5AD9F0E4-63BC-4620-8BFF-83374E5DE258,student,123123,
797,3,TRUE,5AD9F0E4-63BC-4620-8BFF-83374E5DE258,student,123123,
798,3,TRUE,5AD9F0E4-63BC-4620-8BFF-83374E5DE258,student,123123,
799,3,TRUE,5AD9F0E4-63BC-4620-8BFF-83374E5DE258,student,123123,
800,1,TRUE,5AD9F0E4-63BC-4620-8BFF-83374E5DE258,student,123123,
801,2,TRUE,5AD9F0E4-63BC-4620-8BFF-83374E5DE258,student,123123,
802,2,TRUE,5AD9F0E4-63BC-4620-8BFF-83374E5DE258,student,123123,
803,3,TRUE,5AD9F0E4-63BC-4620-8BFF-83374E5DE258,student,123123,
804,1,TRUE,5AD9F0E4-63BC-4620-8BFF-83374E5DE258,student,123123,
805,2,TRUE,5AD9F0E4-63BC-4620-8BFF-83374E5DE258,student,123123,
806,2,TRUE,5AD9F0E4-63BC-4620-8BFF-83374E5DE258,student,123123,
807,1,TRUE,5AD9F0E4-63BC-4620-8BFF-83374E5DE258,student,123123,
808,3,TRUE,5AD9F0E4-63BC-4620-8BFF-83374E5DE258,student,123123,
809,1,TRUE,5AD9F0E4-63BC-4620-8BFF-83374E5DE258,student,123123,
810,3,TRUE,5AD9F0E4-63BC-4620-8BFF-83374E5DE258,student,123123,
811,3,TRUE,5AD9F0E4-63BC-4620-8BFF-83374E5DE258,student,123123,
812,3,TRUE,5AD9F0E4-63BC-4620-8BFF-83374E5DE258,student,123123,
813,2,TRUE,5AD9F0E4-63BC-4620-8BFF-83374E5DE258,student,123123,
814,3,TRUE,5AD9F0E4-63BC-4620-8BFF-83374E5DE258,student,123123,
815,3,TRUE,5AD9F0E4-63BC-4620-8BFF-83374E5DE258,student,123123,
816,3,TRUE,5AD9F0E4-63BC-4620-8BFF-83374E5DE258,student,123123,
817,3,TRUE,5AD9F0E4-63BC-4620-8BFF-83374E5DE258,student,123123,
818,1,TRUE,5AD9F0E4-63BC-4620-8BFF-83374E5DE258,student,123123,
819,2,TRUE,5AD9F0E4-63BC-4620-8BFF-83374E5DE258,student,123123,
820,3,TRUE,5AD9F0E4-63BC-4620-8BFF-83374E5DE258,student,123123,
821,1,TRUE,5AD9F0E4-63BC-4620-8BFF-83374E5DE258,student,123123,
822,3,TRUE,5AD9F0E4-63BC-4620-8BFF-83374E5DE258,student,123123,
823,2,TRUE,5AD9F0E4-63BC-4620-8BFF-83374E5DE258,student,123123,
824,2,TRUE,5AD9F0E4-63BC-4620-8BFF-83374E5DE258,student,123123,
825,2,TRUE,5AD9F0E4-63BC-4620-8BFF-83374E5DE258,student,123123,
826,2,TRUE,5AD9F0E4-63BC-4620-8BFF-83374E5DE258,student,123123,
827,3,TRUE,5AD9F0E4-63BC-4620-8BFF-83374E5DE258,student,123123,
828,1,TRUE,5AD9F0E4-63BC-4620-8BFF-83374E5DE258,student,123123,
829,3,TRUE,5AD9F0E4-63BC-4620-8BFF-83374E5DE258,student,123123,
830,3,TRUE,5AD9F0E4-63BC-4620-8BFF-83374E5DE258,student,123123,
831,2,TRUE,5AD9F0E4-63BC-4620-8BFF-83374E5DE258,student,123123,
832,2,TRUE,5AD9F0E4-63BC-4620-8BFF-83374E5DE258,student,123123,
833,2,TRUE,5AD9F0E4-63BC-4620-8BFF-83374E5DE258,student,123123,
834,3,TRUE,5AD9F0E4-63BC-4620-8BFF-83374E5DE258,student,123123,
835,3,TRUE,5AD9F0E4-63BC-4620-8BFF-83374E5DE258,student,123123,
836,1,TRUE,5AD9F0E4-63BC-4620-8BFF-83374E5DE258,student,123123,
837,1,TRUE,5AD9F0E4-63BC-4620-8BFF-83374E5DE258,student,123123,
838,3,TRUE,5AD9F0E4-63BC-4620-8BFF-83374E5DE258,student,123123,
839,1,TRUE,5AD9F0E4-63BC-4620-8BFF-83374E5DE258,student,123123,
840,3,TRUE,5AD9F0E4-63BC-4620-8BFF-83374E5DE258,student,123123,
841,3,TRUE,5AD9F0E4-63BC-4620-8BFF-83374E5DE258,student,123123,
842,3,TRUE,5AD9F0E4-63BC-4620-8BFF-83374E5DE258,student,123123,
843,2,TRUE,5AD9F0E4-63BC-4620-8BFF-83374E5DE258,student,123123,
844,1,TRUE,5AD9F0E4-63BC-4620-8BFF-83374E5DE258,student,123123,
845,1,TRUE,2CC6DCE1-30CA-45F3-98FA-4743BA75AB28,teacher,1234567,
846,1,TRUE,2CC6DCE1-30CA-45F3-98FA-4743BA75AB28,teacher,1234567,
847,1,TRUE,2CC6DCE1-30CA-45F3-98FA-4743BA75AB28,teacher,1234567,
848,1,TRUE,2CC6DCE1-30CA-45F3-98FA-4743BA75AB28,teacher,1234567,
849,1,TRUE,2CC6DCE1-30CA-45F3-98FA-4743BA75AB28,teacher,1234567,
850,1,TRUE,2CC6DCE1-30CA-45F3-98FA-4743BA75AB28,teacher,1234567,
851,1,TRUE,2CC6DCE1-30CA-45F3-98FA-4743BA75AB28,teacher,1234567,
852,1,TRUE,2CC6DCE1-30CA-45F3-98FA-4743BA75AB28,teacher,1234567,
853,1,TRUE,2CC6DCE1-30CA-45F3-98FA-4743BA75AB28,teacher,1234567,
854,1,TRUE,2CC6DCE1-30CA-45F3-98FA-4743BA75AB28,teacher,1234567,
855,1,TRUE,2CC6DCE1-30CA-45F3-98FA-4743BA75AB28,teacher,1234567,
856,1,TRUE,2CC6DCE1-30CA-45F3-98FA-4743BA75AB28,teacher,1234567,
857,1,TRUE,2CC6DCE1-30CA-45F3-98FA-4743BA75AB28,teacher,1234567,
858,1,TRUE,2CC6DCE1-30CA-45F3-98FA-4743BA75AB28,teacher,1234567,
859,1,TRUE,2CC6DCE1-30CA-45F3-98FA-4743BA75AB28,teacher,1234567,
860,1,TRUE,2CC6DCE1-30CA-45F3-98FA-4743BA75AB28,teacher,1234567,
861,1,TRUE,2CC6DCE1-30CA-45F3-98FA-4743BA75AB28,teacher,1234567,
862,1,TRUE,2CC6DCE1-30CA-45F3-98FA-4743BA75AB28,teacher,1234567,
863,1,TRUE,2CC6DCE1-30CA-45F3-98FA-4743BA75AB28,teacher,1234567,
864,1,TRUE,2CC6DCE1-30CA-45F3-98FA-4743BA75AB28,teacher,1234567,
865,1,TRUE,2CC6DCE1-30CA-45F3-98FA-4743BA75AB28,teacher,1234567,
866,1,TRUE,2CC6DCE1-30CA-45F3-98FA-4743BA75AB28,teacher,1234567,
867,1,TRUE,2CC6DCE1-30CA-45F3-98FA-4743BA75AB28,teacher,1234567,
868,1,TRUE,2CC6DCE1-30CA-45F3-98FA-4743BA75AB28,teacher,1234567,
869,1,TRUE,2370B3AF-9472-4E0A-B328-45C5FA8699A5,teacher,818181,
870,1,TRUE,2370B3AF-9472-4E0A-B328-45C5FA8699A5,teacher,818181,
871,1,TRUE,2370B3AF-9472-4E0A-B328-45C5FA8699A5,teacher,818181,
872,1,TRUE,2370B3AF-9472-4E0A-B328-45C5FA8699A5,teacher,818181,
873,1,TRUE,2370B3AF-9472-4E0A-B328-45C5FA8699A5,teacher,818181,
874,1,TRUE,2370B3AF-9472-4E0A-B328-45C5FA8699A5,teacher,818181,
875,1,TRUE,2370B3AF-9472-4E0A-B328-45C5FA8699A5,teacher,818181,
876,1,TRUE,2370B3AF-9472-4E0A-B328-45C5FA8699A5,teacher,818181,
877,1,TRUE,2370B3AF-9472-4E0A-B328-45C5FA8699A5,teacher,818181,
878,1,TRUE,2370B3AF-9472-4E0A-B328-45C5FA8699A5,teacher,818181,
879,1,TRUE,2370B3AF-9472-4E0A-B328-45C5FA8699A5,teacher,818181,
880,1,TRUE,2370B3AF-9472-4E0A-B328-45C5FA8699A5,teacher,818181,
881,1,TRUE,2370B3AF-9472-4E0A-B328-45C5FA8699A5,teacher,818181,
882,1,TRUE,2370B3AF-9472-4E0A-B328-45C5FA8699A5,teacher,818181,
883,1,TRUE,2370B3AF-9472-4E0A-B328-45C5FA8699A5,teacher,818181,
884,1,TRUE,2370B3AF-9472-4E0A-B328-45C5FA8699A5,teacher,818181,
885,1,TRUE,2370B3AF-9472-4E0A-B328-45C5FA8699A5,teacher,818181,
886,1,TRUE,2370B3AF-9472-4E0A-B328-45C5FA8699A5,teacher,818181,
887,1,TRUE,2370B3AF-9472-4E0A-B328-45C5FA8699A5,teacher,818181,
888,1,TRUE,2370B3AF-9472-4E0A-B328-45C5FA8699A5,teacher,818181,
889,1,TRUE,2370B3AF-9472-4E0A-B328-45C5FA8699A5,teacher,818181,
890,1,TRUE,2370B3AF-9472-4E0A-B328-45C5FA8699A5,teacher,818181,
891,1,TRUE,2370B3AF-9472-4E0A-B328-45C5FA8699A5,teacher,818181,
892,1,TRUE,2370B3AF-9472-4E0A-B328-45C5FA8699A5,teacher,818181,
893,1,TRUE,2370B3AF-9472-4E0A-B328-45C5FA8699A5,teacher,818181,
894,1,TRUE,2370B3AF-9472-4E0A-B328-45C5FA8699A5,teacher,818181,
895,1,TRUE,2370B3AF-9472-4E0A-B328-45C5FA8699A5,teacher,818181,
896,1,TRUE,2370B3AF-9472-4E0A-B328-45C5FA8699A5,teacher,818181,
897,1,TRUE,2370B3AF-9472-4E0A-B328-45C5FA8699A5,teacher,818181,
898,1,TRUE,2370B3AF-9472-4E0A-B328-45C5FA8699A5,teacher,818181,
899,1,TRUE,2370B3AF-9472-4E0A-B328-45C5FA8699A5,teacher,818181,
900,1,TRUE,2370B3AF-9472-4E0A-B328-45C5FA8699A5,teacher,818181,
901,1,TRUE,2370B3AF-9472-4E0A-B328-45C5FA8699A5,teacher,818181,
902,1,TRUE,2370B3AF-9472-4E0A-B328-45C5FA8699A5,teacher,818181,
903,1,TRUE,2370B3AF-9472-4E0A-B328-45C5FA8699A5,teacher,818181,
904,1,TRUE,1BE105F7-DAD7-4D24-9409-2751172FDE53,student,818181,
905,1,TRUE,1BE105F7-DAD7-4D24-9409-2751172FDE53,student,818181,
906,3,TRUE,1BE105F7-DAD7-4D24-9409-2751172FDE53,student,818181,
907,3,TRUE,1BE105F7-DAD7-4D24-9409-2751172FDE53,student,818181,
908,3,TRUE,1BE105F7-DAD7-4D24-9409-2751172FDE53,student,818181,
909,3,TRUE,1BE105F7-DAD7-4D24-9409-2751172FDE53,student,818181,
910,3,TRUE,1BE105F7-DAD7-4D24-9409-2751172FDE53,student,818181,
911,3,TRUE,1BE105F7-DAD7-4D24-9409-2751172FDE53,student,818181,
912,2,TRUE,1BE105F7-DAD7-4D24-9409-2751172FDE53,student,818181,
913,1,TRUE,1BE105F7-DAD7-4D24-9409-2751172FDE53,student,818181,
914,3,TRUE,1BE105F7-DAD7-4D24-9409-2751172FDE53,student,818181,
915,1,TRUE,1BE105F7-DAD7-4D24-9409-2751172FDE53,student,818181,
916,1,TRUE,1BE105F7-DAD7-4D24-9409-2751172FDE53,student,818181,
917,3,TRUE,1BE105F7-DAD7-4D24-9409-2751172FDE53,student,818181,
918,3,TRUE,1BE105F7-DAD7-4D24-9409-2751172FDE53,student,818181,
919,2,TRUE,1BE105F7-DAD7-4D24-9409-2751172FDE53,student,818181,
920,2,TRUE,1BE105F7-DAD7-4D24-9409-2751172FDE53,student,818181,
921,2,TRUE,1BE105F7-DAD7-4D24-9409-2751172FDE53,student,818181,
922,3,TRUE,1BE105F7-DAD7-4D24-9409-2751172FDE53,student,818181,
